[
  {
    "id": "entity_0",
    "type": "enemy",
    "name": "Wandering Merchant",
    "health": 25,
    "max_health": 25,
    "attack": 7,
    "defense": 3,
    "level": 1,
    "position": {
      "x": 4,
      "y": 3
    },
    "behavior": "territorial",
    "loot_table": [
      {
        "name": "Depth 0 Artifact",
        "type": "material",
        "value": 27,
        "rarity": "uncommon"
      },
      {
        "name": "Depth 0 Artifact",
        "type": "armor",
        "value": 37,
        "rarity": "common"
      }
    ]
  }
]