{
  "coordinates": {
    "x": 0,
    "y": 0,
    "depth": 0
  },
  "region_key": "0_0_0",
  "cosmic_signature": "CE57446B6777",
  "terrain": "village",
  "dimensional_properties": {
    "reality_stability": 1.0,
    "temporal_flux": 0.0,
    "dimensional_thinning": 0.0,
    "void_proximity": 0.0,
    "magic_intensity": 0.5
  },
  "difficulty": 3,
  "entities": [
    {
      "id": "entity_0",
      "type": "enemy",
      "name": "Wandering Merchant",
      "health": 25,
      "max_health": 25,
      "attack": 7,
      "defense": 3,
      "level": 1,
      "position": {
        "x": 4,
        "y": 3
      },
      "behavior": "territorial",
      "loot_table": [
        {
          "name": "Depth 0 Artifact",
          "type": "material",
          "value": 27,
          "rarity": "uncommon"
        },
        {
          "name": "Depth 0 Artifact",
          "type": "armor",
          "value": 37,
          "rarity": "common"
        }
      ]
    }
  ],
  "features": [
    "trees",
    "stream"
  ],
  "quantum_connections": {
    "stability": 1.0,
    "connected_regions": [],
    "portal_destinations": [
      {
        "x": 0,
        "y": 0,
        "depth": 1
      },
      {
        "x": -2,
        "y": -2,
        "depth": 0
      }
    ]
  },
  "discovery_state": "undiscovered",
  "time_of_creation": 1761094176,
  "environmental_hazards": [
    "unstable terrain"
  ],
  "npc_factions": [],
  "hidden_lore": [],
  "atmosphere_description": "A mysterious region awaiting discovery"
}